--1 tund
-- 03.09.2025

--loome andmebaasi
create database TITpe23

-- db kustutamine
drop database TITpe23

-- tabeli loomine
create table Gender
(
Id int not null primary key,
Gender nvarchar(10) not null
)

--andmete sisestamine
insert into Gender (Id, Gender)
values (1, 'Male')
insert into Gender (Id, Gender)
values (2, 'Female')
insert into Gender (Id, Gender)
values (3, 'Unknown')

--vaatame tabeli sisu
select * from Gender

--teha tabel nimega Person
--seal peavad olema muutujad Id int not null primary key,
-- Name nvarchar(30),
-- Email nvarchar(30),
-- GenderId int

create table Person
(
Id int not null primary key,
Name nvarchar(30),
Email nvarchar(30),
GenderId int
)

--andmete sisestamine
insert into Person (Id, Name, Email, GenderId)
values (1, 'Superman', 's@s.com', 1),
(2, 'Wonderwoman', 'w@w.com', 2),
(3, 'Batman', 'b@b.com', 1),
(4, 'Hulk', 'h@h.com', 1),
(5, 'Catwoman', 'c@c.com', 2),
(6, 'Antman', 'ant"ant.com', 1),
(8, NULL, NULL, 1)

select * from Person

--võõrvõtme ühenduse loomine kahe tabeli vahel
alter table Person add constraint tblPerson_GenderId_FK
foreign key (GenderId) references Gender(Id)

--- kui sisestad uue rea andmeid ja ei ole sisestanud 
--- GenderId alla väärtust, siis see automaatselt sisestab 
--- sellele reale väärtuse 3-e nagu meil on unknown
alter table Person
add constraint DF_Persons_GenderId
default 3 for GenderId

insert into Person (Id, Name, Email)
values (9, 'Black Panther', 'p@p.com')

select * from Person

-- piirangu kustutamine
alter table Person
drop constraint DF_Persons_GenderId

-- lisame veeru tabelisse
alter table Person
add Age nvarchar(10)

--lisame nr piirangu vanuse sisestamisel
alter table Person
add constraint CK_Person_Age check (Age > 0 and Age < 155)

insert into Person (Id, Name, Email, GenderId, Age)
values (10, 'Dr Doom', 's@s.com', 1, 154)

select * from Person

-- kuidas uuendada andmeid
update Person
set Age = 50
where Id = 7

--lisada uus veerg Person tabelisse
--veeru nimi on City nvarchar(50)
alter table Person
add City nvarchar(50)

--kõik, kes elavad Gothami linnas
select * from Person where City = 'Gotham'
-- kõik, kes ei ela Gothamis
select * from Person where City <> 'Gotham'
-- kõik, kes ei ela Gothamis, variant nr 2. Tee ise
select * from Person where City != 'Gotham'

-- näitab teatud vanusega inimesi
select * from Person where Age = 40 or Age = 154 or Age = 21
select * from Person where Age in (154, 40, 21)

-- näitab teatud vanusevahemikus olevaid inimesi
select * from Person where Age between 22 and 41

-- wildcardi e näitab kõik g-tähega linnad
select * from Person where City like 'n%'

--otsida emailid, kus on olemas @-märk
select * from Person where Email like '%@%'

-- näitab kõiki, kellel ei ole @-märki emailis
select * from Person where Email not like '%@%'

--näitab, kellel on emailis ees ja peale @-märki ainult üks täht
select * from Person where Email like '_@_.com'

--k]ik, kellel nimes ei ole esimene täht W, A, S
select * from Person where Email like '[^WAS]%'

-- kes elavad Gothamis ja New Yorkis
select * from Person where (City = 'Gotham' or City = 'New York')

--- kõik, kes elavad Gothamis ja New Yorkis ning on vanemad, kui 29a
select * from Person where (City = 'Gotham' or City = 'New York')
and Age >= 30

--- kuvab tähestikulises järjekorras inimesi ja võtab aluseks nime
select * from Person order by Name
-- kuvab vastupidises järjestuses
select * from Person order by Name desc

--võtab kolm esimest rida
select top 3 * from Person

-- rida 131
-- 04.09.2025
-- tund 2

-- kolm esimest, aga tabeli järjestus on Age ja siis Name
select * from Person
select top 3 Age, Name from Person

-- n'ita esimesed 50% tabelis
select top 50 percent * from Person

--järjestab vanuse järgi isikud
select * from Person order by Age desc

--võtab neli esimest ja järjestab vanuse järgi
select top 4 * from Person order by Age

-- muudab Age muutuja intiks ja näitab vanuselises järjestuses
select * from Person order by cast(Age as int)

-- kõikide isikute koondvanus
select sum(cast(Age as int)) from Person

--kuvab kõige nooremat isikut
select min(cast(Age as int)) from Person
--kuvab kõige vanemat isikut
select max(cast(Age as int)) from Person

-- näeme konkreetsetes linnades olevate isikute koondvanust
-- enne oli Age string, aga enne päringut muutsime selle int-ks
select City, sum(Age) as TotalAge from Person group by City 

--kuidas saab koodiga muuta andmetüüpi ja selle pikkust
--vaja muuta Name nvarchar(25) peale
alter table Person
alter column Name nvarchar(25)

--- kuvab esimeses reas välja toodud järjestuses ja kuvab Age-i TotalAge-ks
--- järjest City-s olevate nimede järgi ja siis genderId järgi
select City, GenderId, sum(Age) as TotalAge from Person
group by City, GenderId order by City

--näitab, et mitu rida on selles tabelis
select count(*) from Person
select * from Person

-- tahame tulemust, et mitu inimest on genderId väärtusega 2
-- konkreetses linnas ja arvutab vanuse kokku
select GenderId, City, sum(Age) as TotalAge, count(Id) as [Total person(s)]
from Person
where GenderId = '1'
group by GenderId, City

--näitab ära inimeste koondvanuse, mis on üle 41 a ja 
--kui palju neid igas linnas elab 
--eristab inimese soo järgi ära
select GenderId, City, sum(Age) as TotalAge, count(Id)
as [Total Person(s)]
from Person
group by GenderId, City having sum(Age) > 41

-- loome tabelid Employees ja Department
--Department tabelis peavad olema muutujad:
--Id int primary key,
--DepartmentName nvarchar(50),
--Location nvarchar(50),
--DepartmentHead nvarchar(50)

--Employees tabelis peavad olema muutujad:
--Id int primary key,
--Name nvarchar(50),
--Gender nvarchar(50),
--Salary nvarchar(50),
--DepartmentId int

create table Department
(
Id int primary key,
DepartmentName nvarchar(50),
Location nvarchar(50),
DepartmentHead nvarchar(50)
)

create table Employees
(
Id int primary key,
Name nvarchar(50),
Gender nvarchar(50),
Salary nvarchar(50),
DepartmentId int
)

insert into Employees (Id, Name, Gender, Salary, DepartmentId)
values (1, 'Tom', 'Male', 4000, 1),
(2, 'Pam', 'Female', 3000, 3),
(3, 'John', 'Male', 3500, 1),
(4, 'Sam', 'Male', 4500, 2),
(5, 'Todd', 'Male', 2800, 2),
(6, 'Ben', 'Male', 7000, 1),
(7, 'Sara', 'Female', 4800, 3),
(8, 'Valarie', 'Female', 5500, 1),
(9, 'James', 'Male', 6500, NULL),
(10, 'Russell', 'Male', 8800, NULL)

insert into Department(Id, DepartmentName, Location, DepartmentHead)
values 
(1, 'IT', 'London', 'Rick'),
(2, 'Payroll', 'Delhi', 'Ron'),
(3, 'HR', 'New York', 'Christie'),
(4, 'Other Department', 'Sydney', 'Cindrella')

select * from Department
select * from Employees

--- join päring
select Name, Gender, Salary, DepartmentName
from Employees
left join Department
on Employees.DepartmentId = Department.Id

select sum(cast(Salary as int)) from Employees  --arvutab k]ikide palgad kokku

-- min palga saaja ja kui panen min asemele max, siis max palga saaja
select min(cast(Salary as int)) from Employees

--[he kuu lõikes palgafond linnade lõikes
select Location, sum(cast(Salary as int)) as TotalSalary
from Employees
left join Department
on Employees.DepartmentId = Department.Id
group by Location 

-- lisame Employees tabelisse City veeru ja peab olema nvarchar(30)
alter table Employees
add City nvarchar(30)

-- rida 257
--tund 3
--10.09.2025
select* from Employees

select City, Gender, sum(cast(Salary as int)) as TotalSalary 
from Employees 
group by City, Gender
--tahame ainult Employees tabelist näha City ja Gender veergu

--sama nagu eelmine, aga linnad tähestikulises järjestuses
select City, Gender, sum(cast(Salary as int)) as TotalSalary 
from Employees 
group by City, Gender
order by City

--loeb ära, et mitu rida on tabelis
select count(*) from Employees

--teil tuleb teada saada, et mitu töötajat on soo ja linna kaupa
select Gender, City, sum(cast(Salary as int)) as TotalSalary,
count (Id) as [Total Employee(s)]
from Employees
group by Gender, City

--kuvab ainult kõik mehede linnade
select Gender, City, sum(cast(Salary as int)) as TotalSalary,
count (Id) as [Total Employees(s)]
from Employees
where Gender = 'Female'
group by Gender, City

select Gender, City, sum(cast(Salary as int)) as TotalSalary,
count (Id) as [Total Employees(s)]
from Employees
group by Gender, City
having Gender = 'Female'

select * from Employees where sum(cast(Salary as int)) > 4000
-- k]igil, kellel on palk [le 4000 ja arvutab need kokku ning n'itab soo kaupa
--kasutada having-t
select Gender, City, sum(cast(Salary as int)) as TotalSalary,
count (Id) as [Total Employees(s)]
from Employees
group by Gender, City
having sum(cast(Salary as int)) > 4000

--loome tabeli, milles hakatakse automaatselt nummerdama id-d
create table Test1
(
Id int identity(1,1),
Value nvarchar(20)
)

insert into Test1 values('X')
select * from Test1

-- kustutame veeru nimega City Employees tabelis
alter table Employees
drop column City

--- inner join
--- kuvab neid, kellel on DepartmentName all olemas v''rtus
--- kasutada Department ja Employees
select Name, Gender, Salary, DepartmentName
from Employees
inner join Department
on Employees.DepartmentId = Department.Id

--left join
--kuidas saada k]ik andmed Employee-st k'tte
select Name, Gender, Salary, DepartmentName
from Employees
left join Department  -- võib kasutada ka LEFT OUTER JOIN-i
on Employees.DepartmentId = Department.Id

-- right join
select Name, Gender, Salary, DepartmentName
from Employees
right join Department  -- võib kasutada ka RIGHT OUTER JOIN-i
on Employees.DepartmentId = Department.Id

--outer join
select Name, Gender, Salary, DepartmentName
from Employees
full outer join Department  -- võib kasutada ka RIGHT OUTER JOIN-i
on Employees.DepartmentId = Department.Id

--p'ringu sisu
--select ColumnList
--from LeftTable
--joinType RightTable
--on JoinCondition e võõrvõti ja primaarvõti ühendatakse ära

--inner join
select Name, Gender, Salary, DepartmentName
from Employees
inner join Department
on Employees.DepartmentId = Department.Id

--kasutada left joini ja kuidas saada teada, et kellel on DepartmentName NULL
select Name, Gender, Salary, DepartmentName
from Employees
left join Department
on Employees.DepartmentId = Department.Id
where Employees.DepartmentId is null

--teine variant
select Name, Gender, Salary, DepartmentName
from Employees
left join Department
on Employees.DepartmentId = Department.Id
where Department.Id is null

--kuidas saame Department tabelis oleva rea, kus on NULL
--right join
select Name, Gender, Salary, DepartmentName
from Employees
right join Department
on Employees.DepartmentId = Department.Id
where Employees.DepartmentId is null

--full join
--mõlema tabeli mitte-kattuvate väärtustega read kuvab välja
select Name, Gender, Salary, DepartmentName
from Employees
full join Department
on Employees.DepartmentId = Department.Id
where Employees.DepartmentId is null
or Department.Id is null

select * from Department

--saame muuta tabeli nimetust, alguses vana tabeli nimi ja siis uus soovitud
sp_rename 'Department1' , 'Department'

--kasutame Employees tabeli asemel lühendit E ja M
select E.Name as Employee, M.Name as Manager
from Employees E
left join Employees M
on E.ManagerId = M.Id

--teha veerg ja nimeks ManagerId ning andmetüüp on int
alter table Employees
add ManagerId int

--inner join
--kuvab ainult managerId all olevate isikute väärtused
select E.Name as Employee, M.Name as Manager
from Employees E
inner join Employees M
on E.ManagerId = M.Id

--kõik saavad kõikide ülemused olla
select E.Name as Employee, M.Name as Manager
from Employees E
cross join Employees M

select isnull('Asd', 'No Manager') as Manager

--NULL asemel kuvab No Manager
select coalesce(NULL, 'No Manager') as Manager

--neil kellel ei ole ülemust, siis paneb neile No Manager teksti
select E.Name as Employee, isnull(M.Name, 'No Manager') as Manager
from Employees E
left join Employees M
on E.ManagerId = M.Id

--rida 428
--4 tund
--11.09.2025

-- teeme p'ringu, kus kasutame case-i
select E.Name as Employee, case when M.Name is null then 'No Manager'
else M.Name end as Manager
from Employees E
left join Employees M
on E.ManagerId = M.Id

--lisame tabelisse uued veerud
alter table Employees
add MiddleName nvarchar(30)
alter table Employees
add LastName nvarchar(30)

select * from Employees

--muudame veeru nime
sp_rename 'Employees.Name', 'FirstName'

--kasutate update ja t'itke samamoodi nagu on minul
-- muudame ja lisame andmeid
update Employees
set FirstName = 'Tom', MiddleName = 'Nick', LastName = 'Jones'
where Id = 1

update Employees
set FirstName = 'Pam', MiddleName = NULL, LastName = 'Anderson'
where Id = 2

update Employees
set FirstName = 'John', MiddleName = NULL, LastName = NULL
where Id = 3

update Employees
set FirstName = 'Sam', MiddleName = NULL, LastName = 'Smith'
where Id = 4

update Employees
set FirstName = NULL, MiddleName = 'Todd', LastName = 'Someone'
where Id = 5

update Employees
set FirstName = 'Ben', MiddleName = 'Ten', LastName = 'Sven'
where Id = 6

update Employees
set FirstName = 'Sara', MiddleName = NULL, LastName = 'Connor'
where Id = 7

update Employees
set FirstName = 'Valarie', MiddleName = 'Balerine', LastName = NULL
where Id = 8

update Employees
set FirstName = 'James', MiddleName = '007', LastName = 'Bond'
where Id = 9

update Employees
set FirstName = NULL, MiddleName = NULL, LastName = 'Crowe'
where Id = 10

